Link_Text,Link_URL,cleaned_text
BOLA.NET,https://www.bola.net/,bolanet
BOLA.COM,https://www.bola.com/,bolacom
MERDEKA,https://www.merdeka.com/,merdeka
LIPUTAN6,https://www.liputan6.com/,liputan6
OTOSIA,https://www.otosia.com/,otosia
KAPANLAGI,https://www.kapanlagi.com/,kapanlagi
FIMELA,https://www.fimela.com/,fimela
MORE ,#,more
DREAM.CO.ID,https://www.dream.co.id/,dreamcoid
BRILIO.NET,https://www.brilio.net/,brilionet
,https://www.bola.net/,
,https://www.facebook.com/bola.net,
,https://twitter.com/bolanet,
,https://www.youtube.com/channel/UCzTu5m37Hxx5O_Ruo29hTIw,
,https://www.bola.net/feed/,
HOME,https://www.bola.net/,home
TRENDING,https://www.bola.net/trending/,trending
EROPA ,https://www.bola.net/bola_eropa.html,eropa
LIGA INGGRIS,https://www.bola.net/inggris/,liga inggris
LIGA ITALIA,https://www.bola.net/italia/,liga italia
LIGA SPANYOL,https://www.bola.net/spanyol/,liga spanyol
LIGA CHAMPIONS,https://www.bola.net/champions/,liga champions
LIGA EUROPA,https://www.bola.net/uefa/,liga europa
BUNDESLIGA,https://www.bola.net/bundesliga/,bundesliga
LAIN-LAIN,https://www.bola.net/liga_eropa_lain/,lainlain
DUNIA ,https://www.bola.net/bola_dunia.html,dunia
PIALA DUNIA,https://www.bola.net/piala_dunia/,piala dunia
PIALA EROPA,https://www.bola.net/piala_eropa/,piala eropa
AMERIKA LATIN,https://www.bola.net/amerika_latin/,amerika latin
ASIA,https://www.bola.net/asia/,asia
LAIN-LAIN,https://www.bola.net/bola_dunia_lainnya/,lainlain
INDONESIA ,https://www.bola.net/bola_indonesia.html,indonesia
LIGA INDONESIA,https://www.bola.net/indonesia/,liga indonesia
TIM NASIONAL,https://www.bola.net/tim_nasional/,tim nasional
VIDEO,https://www.bola.net/video/,video
BOLATAINMENT,https://www.bola.net/bolatainment/,bolatainment
JADWAL & SKOR ,https://www.bola.net/jadwal-pertandingan/,jadwal skor
SKOR TERKINI,https://www.bola.net/hasil-pertandingan/,skor terkini
JADWAL PERTANDINGAN,https://www.bola.net/jadwal-pertandingan/,jadwal pertandingan
JADWAL TV,https://www.bola.net/jadwal_televisi/,jadwal tv
KLASEMEN,https://www.bola.net/klasemen/inggris.html,klasemen
TOPSKOR,https://www.bola.net/topskor/inggris.html,topskor
RAGAM ,https://www.bola.net/ragam.html,ragam
SPESIAL SOCCER,https://www.bola.net/editorial/,spesial soccer
BERITA FOTO,https://www.bola.net/galeri/,berita foto
WALLPAPER,https://www.bola.net/wallpaper/,wallpaper
SPORT ,https://www.bola.net/olahraga_lain.html,sport
BASKET,https://www.bola.net/basket/,basket
BULU TANGKIS,https://www.bola.net/bulutangkis/,bulu tangkis
TENIS,https://www.bola.net/tenis/,tenis
OTOMOTIF,https://www.bola.net/otomotif/,otomotif
VOLI,https://www.bola.net/voli/,voli
SPORT,https://www.bola.net/olahraga_lain_lain/,sport
TRENDING TAG,https://www.bola.net/tag/,trending tag
# Olimpiade Paris 2024,https://www.bola.net/tag/olimpiade-paris-2024/,olimpiade paris 2024
# Timnas Indonesia,https://www.bola.net/tim_nasional/,timnas indonesia
# Bursa Transfer Pemain,https://www.bola.net/tag/bursa-transfer-pemain/,bursa transfer pemain
# Piala Presiden 2024,https://www.bola.net/tag/piala-presiden-2024/,piala presiden 2024
# La Liga,https://www.bola.net/tag/la-liga/,la liga
# Sportyfact,https://www.bola.net/tag/sportyfact/,sportyfact
# Liga Inggris,https://www.bola.net/tag/live-streaming-liga-inggris-di-vidio/,liga inggris
"

Di Mana Mereka Sekarang? 4 Pemain yang Diminta Lio...
",https://www.bola.net/editorial/di-mana-mereka-sekarang-4-pemain-yang-diminta-lionel-messi-untuk-direkrut-barcelona-pada-2017-7b7f83.html,4 pemain lio
"

6 Pemain Italia yang Memperkuat Liverpool Sebelum ...
",https://www.bola.net/editorial/6-pemain-italia-yang-memperkuat-liverpool-sebelum-federico-chiesa-gagal-total-5690a0.html,6 pemain italia memperkuat liverpool
"

6 Gelandang Spanyol yang Pernah Membela Arsenal Se...
",https://www.bola.net/editorial/6-gelandang-spanyol-yang-pernah-membela-arsenal-sebelum-mikel-merino-adakah-yang-sukses-b67e25.html,6 gelandang spanyol membela arsenal
"

5 Klub Terakhir yang Sukses Menjuarai Liga Champio...
",https://www.bola.net/editorial/5-klub-terakhir-yang-sukses-menjuarai-liga-champions-ada-yang-masih-ingat-b7a851.html,5 klub sukses menjuarai liga champio
"

5 Pengguna Nomor Punggung 14 di Liverpool Sebelum ...
",https://www.bola.net/editorial/5-pengguna-nomor-punggung-14-di-liverpool-sebelum-federico-chiesa-e43a10.html,5 pengguna nomor punggung 14 liverpool
"

5 Pemain Asal Belanda yang Berkostum Juventus Sebe...
",https://www.bola.net/editorial/5-pemain-asal-belanda-yang-berkostum-juventus-sebelum-teun-koopmeiners-d780ce.html,5 pemain belanda berkostum juventus sebe
"

5 Pemain Premier League yang Berpotensi Hengkang d...
",https://www.bola.net/editorial/5-pemain-premier-league-yang-berpotensi-hengkang-di-deadline-day-bf2498.html,5 pemain premier league berpotensi hengkang d
"

5 Rekrutan Terakhir AC Milan dari Premier League S...
",https://www.bola.net/editorial/5-rekrutan-terakhir-ac-milan-dari-premier-league-sebelum-emerson-royal-f018f8.html,5 rekrutan ac milan premier league s
"
",https://www.bola.net/tim_nasional/4-pertemuan-terakhir-indonesia-vs-australia-kebobolan-8-3x-kalah-dan-1x-imbang-d2796e.html,
"
                        4 Pertemuan Terakhir Indonesia vs Australia: Kebobolan 8, 3x Kalah dan 1x Imbang
                    ",https://www.bola.net/tim_nasional/4-pertemuan-terakhir-indonesia-vs-australia-kebobolan-8-3x-kalah-dan-1x-imbang-d2796e.html,4 pertemuan indonesia vs australia kebobolan 8 3x kalah 1x imbang
"
",https://www.bola.net/tim_nasional/jadwal-indonesia-vs-australia-tayang-di-mana-dan-jam-berapa-7a8ec2.html,
"
                        Jadwal Indonesia vs Australia: Tayang di Mana dan Jam Berapa?
                    ",https://www.bola.net/tim_nasional/jadwal-indonesia-vs-australia-tayang-di-mana-dan-jam-berapa-7a8ec2.html,jadwal indonesia vs australia tayang jam
"
",https://www.bola.net/tim_nasional/magis-jersey-putih-timnas-indonesia-vietnam-dipermalukan-selanjutnya-australia-b15369.html,
"
                        Magis Jersey Putih Timnas Indonesia: Vietnam Dipermalukan, Selanjutnya Australia?
                    ",https://www.bola.net/tim_nasional/magis-jersey-putih-timnas-indonesia-vietnam-dipermalukan-selanjutnya-australia-b15369.html,magis jersey putih timnas indonesia vietnam dipermalukan australia
"
",https://www.bola.net/piala_eropa/hasil-lengkap-uefa-nations-league-2024-283a6a.html,
"
                        Hasil Lengkap UEFA Nations League 2024
                    ",https://www.bola.net/piala_eropa/hasil-lengkap-uefa-nations-league-2024-283a6a.html,hasil lengkap uefa nations league 2024
"
",https://www.bola.net/tim_nasional/ranking-fifa-timnas-indonesia-bakal-naik-5-tingkat-jika-kalahkan-australia-bagaimana-jika-kal-f1e76c.html,
"
                        Ranking FIFA Timnas Indonesia Bakal Naik 5 Tingkat jika Kalahkan Australia, Bagaimana jika Kalah?
                    ",https://www.bola.net/tim_nasional/ranking-fifa-timnas-indonesia-bakal-naik-5-tingkat-jika-kalahkan-australia-bagaimana-jika-kal-f1e76c.html,ranking fifa timnas indonesia 5 tingkat kalahkan australia kalah
"

4 Pertemuan Terakhir Indonesia vs Australia: Kebobolan 8, 3x Kalah dan 1x Imbang
",https://www.bola.net/tim_nasional/4-pertemuan-terakhir-indonesia-vs-australia-kebobolan-8-3x-kalah-dan-1x-imbang-d2796e.html,4 pertemuan indonesia vs australia kebobolan 8 3x kalah 1x imbang
"

Jadwal Indonesia vs Australia: Tayang di Mana dan Jam Berapa?
",https://www.bola.net/tim_nasional/jadwal-indonesia-vs-australia-tayang-di-mana-dan-jam-berapa-7a8ec2.html,jadwal indonesia vs australia tayang jam
"

Magis Jersey Putih Timnas Indonesia: Vietnam Dipermalukan, Selanjutnya Australia?
",https://www.bola.net/tim_nasional/magis-jersey-putih-timnas-indonesia-vietnam-dipermalukan-selanjutnya-australia-b15369.html,magis jersey putih timnas indonesia vietnam dipermalukan australia
"

Hasil Lengkap UEFA Nations League 2024
",https://www.bola.net/piala_eropa/hasil-lengkap-uefa-nations-league-2024-283a6a.html,hasil lengkap uefa nations league 2024
"

Ranking FIFA Timnas Indonesia Bakal Naik 5 Tingkat jika Kalahkan Australia, Bagaimana jika Kalah?
",https://www.bola.net/tim_nasional/ranking-fifa-timnas-indonesia-bakal-naik-5-tingkat-jika-kalahkan-australia-bagaimana-jika-kal-f1e76c.html,ranking fifa timnas indonesia 5 tingkat kalahkan australia kalah
,https://www.bola.net/open-play/,
"Shin Tae-yong: Australia Lebih Kuat Sejak Gabung Asia, Di Oseania Lawannya Cuma Selandia Baru",https://www.bola.net/open-play/shin-tae-yong-australia-lebih-kuat-sejak-gabung-asia-di-oseania-lawannya-cuma-selandia-baru-69072f.html,shin taeyong australia kuat gabung asia oseania lawannya selandia
VIDEO: Timnas Australia Tak Sabar Rasakan Atmosfer Bermain di Stadion Gelora Bung Karno,https://www.bola.net/open-play/video-timnas-australia-tak-sabar-rasakan-atmosfer-bermain-di-stadion-gelora-bung-karno-248ed6.html,video timnas australia sabar rasakan atmosfer bermain stadion gelora karno
Pengamanan Sesi Latihan Timnas Indonesia Diperketat Usai Dimas Drajad jadi Korban Pencurian,https://www.bola.net/open-play/pengamanan-sesi-latihan-timnas-indonesia-diperketat-usai-dimas-drajad-jadi-korban-pencurian-e682c7.html,pengamanan sesi latihan timnas indonesia diperketat dimas drajad korban pencurian
VIDEO: Latihan Terakhir Timnas Indonesia Jelang Lawan Australia,https://www.bola.net/open-play/video-latihan-terakhir-timnas-indonesia-jelang-lawan-australia-e58356.html,video latihan timnas indonesia jelang lawan australia
Rahasia Kesuksesan Maarten Paes Gagalkan Penalti Pemain Arab Saudi,https://www.bola.net/open-play/rahasia-kesuksesan-maarten-paes-gagalkan-penalti-pemain-arab-saudi-29423a.html,rahasia kesuksesan maarten paes gagalkan penalti pemain arab saudi
Kabar Timnas Hari Ini: Shin Tae-yong Ungkap Kondisi Terkini Pemain Indonesia Jelang Melawan Australia,https://www.bola.net/open-play/kabar-timnas-hari-ini-shin-tae-yong-ungkap-kondisi-terkini-pemain-indonesia-jelang-melawan-au-6180f7.html,kabar timnas shin taeyong kondisi terkini pemain indonesia jelang melawan australia
Open Play Lainnya,https://www.bola.net/open-play/,open play
SPECIAL SOCCER,https://www.bola.net/editorial/,special soccer
"

",https://www.bola.net/editorial/6-pemain-inter-milan-dengan-gaji-tertinggi-pilar-utama-di-giuseppe-meazza-b00b5e.html,
6 Pemain Inter Milan dengan Gaji Tertinggi: Pilar Utama di Giuseppe Meazza,https://www.bola.net/editorial/6-pemain-inter-milan-dengan-gaji-tertinggi-pilar-utama-di-giuseppe-meazza-b00b5e.html,6 pemain inter milan gaji tertinggi pilar utama giuseppe meazza
"

",https://www.bola.net/editorial/6-pemain-manchester-united-yang-kontraknya-habis-pada-2025-1c191d.html,
6 Pemain Manchester United yang Kontraknya Habis pada 2025,https://www.bola.net/editorial/6-pemain-manchester-united-yang-kontraknya-habis-pada-2025-1c191d.html,6 pemain manchester united kontraknya habis 2025
"

",https://www.bola.net/editorial/5-pemain-dengan-nomor-punggung-7-di-chelsea-sebelum-pedro-neto-2fc214.html,
5 Pemain dengan Nomor Punggung 7 di Chelsea Sebelum Pedro Neto,https://www.bola.net/editorial/5-pemain-dengan-nomor-punggung-7-di-chelsea-sebelum-pedro-neto-2fc214.html,5 pemain nomor punggung 7 chelsea pedro neto
"

",https://www.bola.net/editorial/3-mantan-anak-buah-josep-guardiola-yang-mencetak-gol-lebih-banyak-ketimbang-erling-haaland-4d2684.html,
3 Mantan Anak Buah Josep Guardiola yang Mencetak Gol Lebih Banyak Ketimbang Erling Haaland,https://www.bola.net/editorial/3-mantan-anak-buah-josep-guardiola-yang-mencetak-gol-lebih-banyak-ketimbang-erling-haaland-4d2684.html,3 mantan anak buah josep guardiola mencetak gol ketimbang erling haaland
"

",https://www.bola.net/editorial/5-calon-pengganti-virgil-van-dijk-di-liverpool-480b19.html,
5 Calon Pengganti Virgil van Dijk di Liverpool,https://www.bola.net/editorial/5-calon-pengganti-virgil-van-dijk-di-liverpool-480b19.html,5 calon pengganti virgil van dijk liverpool
"

",https://www.bola.net/editorial/cristiano-ronaldo-dan-5-gelar-ballon-dor-perjalanan-menuju-kejayaan-3f0172.html,
Cristiano Ronaldo dan 5 Gelar Ballon d'Or: Perjalanan Menuju Kejayaan,https://www.bola.net/editorial/cristiano-ronaldo-dan-5-gelar-ballon-dor-perjalanan-menuju-kejayaan-3f0172.html,cristiano ronaldo 5 gelar ballon dor perjalanan kejayaan
Special Soccer Lainnya,https://www.bola.net/editorial/,special soccer
"
BOLA INTERNASIONAL
",https://www.bola.net/bola_eropa.html,bola internasional
PIALA EROPA,https://www.bola.net/piala_eropa/,piala eropa
Kembalinya Kepercayaan Diri Gli Azzurri,https://www.bola.net/piala_eropa/kembalinya-kepercayaan-diri-gli-azzurri-abe451.html,kembalinya kepercayaan gli azzurri
LIGA INGGRIS,https://www.bola.net/inggris/,liga inggris
"Bukan Gara-gara Pelatih, Raheem Sterling Harus Salahkan Dirinya Sendiri Terkait Kegagalannya di Chelsea",https://www.bola.net/inggris/bukan-gara-gara-pelatih-raheem-sterling-harus-salahkan-dirinya-sendiri-terkait-kegagalannya-d-641ffb.html,garagara pelatih raheem sterling salahkan terkait kegagalannya chelsea
LIGA INGGRIS,https://www.bola.net/inggris/,liga inggris
"Tak Bisa Tangani Cristiano Ronaldo, Erik Ten Hag Disebut Bodoh",https://www.bola.net/inggris/tak-bisa-tangani-cristiano-ronaldo-erik-ten-hag-disebut-bodoh-791f45.html,tangani cristiano ronaldo erik ten hag bodoh
PIALA EROPA,https://www.bola.net/piala_eropa/,piala eropa
Akhir dari Puasa Gol 3 Tahun Moise Kean di Timnas Italia,https://www.bola.net/piala_eropa/akhir-dari-puasa-gol-3-tahun-moise-kean-di-timnas-italia-c1d846.html,puasa gol 3 moise kean timnas italia
PIALA EROPA,https://www.bola.net/piala_eropa/,piala eropa
"Dua Sisi Davide Frattesi: Kalah Bersaing di Inter Milan, tapi Jadi Andalan Timnas Italia",https://www.bola.net/piala_eropa/dua-sisi-davide-frattesi-kalah-bersaing-di-inter-milan-tapi-jadi-andalan-timnas-italia-e347df.html,sisi davide frattesi kalah bersaing inter milan andalan timnas italia
LIGA EROPA LAIN,https://www.bola.net/liga_eropa_lain/,liga eropa
Terkuak! Ternyata Ini Alasan Fabio Vieira Hengkang dari Arsenal,https://www.bola.net/liga_eropa_lain/terkuak-ternyata-ini-alasan-fabio-vieira-hengkang-dari-arsenal-eb49e4.html,terkuak alasan fabio vieira hengkang arsenal
LIGA INGGRIS,https://www.bola.net/inggris/,liga inggris
"Hilal Main Belum Terlihat, Rasmus Hojlund Masih Harus Bersabar",https://www.bola.net/inggris/hilal-main-belum-terlihat-rasmus-hojlundmasih-harus-bersabar-30afe0.html,hilal main rasmus hojlund bersabar
OPEN PLAY,https://www.bola.net/open-play/,open play
"Shin Tae-yong: Australia Lebih Kuat Sejak Gabung Asia, Di Oseania Lawannya Cuma Selandia Baru",https://www.bola.net/open-play/shin-tae-yong-australia-lebih-kuat-sejak-gabung-asia-di-oseania-lawannya-cuma-selandia-baru-69072f.html,shin taeyong australia kuat gabung asia oseania lawannya selandia
OPEN PLAY,https://www.bola.net/open-play/,open play
VIDEO: Timnas Australia Tak Sabar Rasakan Atmosfer Bermain di Stadion Gelora Bung Karno,https://www.bola.net/open-play/video-timnas-australia-tak-sabar-rasakan-atmosfer-bermain-di-stadion-gelora-bung-karno-248ed6.html,video timnas australia sabar rasakan atmosfer bermain stadion gelora karno
PIALA EROPA,https://www.bola.net/piala_eropa/,piala eropa
"Italia setelah Melempem di Euro 2024: Bungkam Prancis, lalu Gulingkan Israel",https://www.bola.net/piala_eropa/italia-setelah-melempem-di-euro-2024-bungkam-prancis-lalu-gulingkan-israel-8f1cee.html,italia melempem euro 2024 bungkam prancis gulingkan israel
OPEN PLAY,https://www.bola.net/open-play/,open play
Pengamanan Sesi Latihan Timnas Indonesia Diperketat Usai Dimas Drajad jadi Korban Pencurian,https://www.bola.net/open-play/pengamanan-sesi-latihan-timnas-indonesia-diperketat-usai-dimas-drajad-jadi-korban-pencurian-e682c7.html,pengamanan sesi latihan timnas indonesia diperketat dimas drajad korban pencurian
OPEN PLAY,https://www.bola.net/open-play/,open play
VIDEO: Latihan Terakhir Timnas Indonesia Jelang Lawan Australia,https://www.bola.net/open-play/video-latihan-terakhir-timnas-indonesia-jelang-lawan-australia-e58356.html,video latihan timnas indonesia jelang lawan australia
LIGA INGGRIS,https://www.bola.net/inggris/,liga inggris
Jadwal Lengkap Premier League 2024/2025 di SCTV dan Vidio,https://www.bola.net/inggris/jadwal-lengkap-premier-league-2024-2025-di-sctv-dan-vidio-c5d3a0.html,jadwal lengkap premier league 20242025 sctv vidio
LIGA INGGRIS,https://www.bola.net/inggris/,liga inggris
"MU Bersih-bersih Skuad, Dua Pemain Ini Fix Bakal Angkat Kaki Musim Depan",https://www.bola.net/inggris/mu-bersih-bersih-skuad-dua-pemain-ini-fix-bakal-angkat-kaki-musim-depan-d01ce1.html,mu bersihbersih skuad pemain fix angkat kaki musim
PIALA EROPA,https://www.bola.net/piala_eropa/,piala eropa
"Menang Dua Kali Beruntun di UEFA Nations League, Luciano Spalletti Puji Kedewasaan Timnas Italia",https://www.bola.net/piala_eropa/menang-dua-kali-beruntun-di-uefa-nations-league-luciano-spalletti-puji-kedewasaan-timnas-ital-71e244.html,menang kali beruntun uefa nations league luciano spalletti puji kedewasaan timnas italia
PIALA EROPA,https://www.bola.net/piala_eropa/,piala eropa
Prediksi Inggris vs Finlandia 11 September 2024,https://www.bola.net/piala_eropa/prediksi-inggris-vs-finlandia-11-september-2024-ecffad.html,prediksi inggris vs finlandia 11 september 2024
PIALA EROPA,https://www.bola.net/piala_eropa/,piala eropa
Prediksi Belanda vs Jerman 11 September 2024,https://www.bola.net/piala_eropa/prediksi-belanda-vs-jerman-11-september-2024-b30932.html,prediksi belanda vs jerman 11 september 2024
PIALA EROPA,https://www.bola.net/piala_eropa/,piala eropa
Prediksi Hungaria vs Bosnia-Herzegovina 11 September 2024,https://www.bola.net/piala_eropa/prediksi-hungaria-vs-bosnia-herzegovina-11-september-2024-f01eb3.html,prediksi hungaria vs bosniaherzegovina 11 september 2024
PIALA DUNIA,https://www.bola.net/piala_dunia/,piala dunia
Prediksi Oman vs Korea Selatan 10 September 2024,https://www.bola.net/piala_dunia/prediksi-oman-vs-korea-selatan-10-september-2024-a79ae3.html,prediksi oman vs korea selatan 10 september 2024
PIALA DUNIA,https://www.bola.net/piala_dunia/,piala dunia
Prediksi China vs Arab Saudi 10 September 2024,https://www.bola.net/piala_dunia/prediksi-china-vs-arab-saudi-10-september-2024-6fca74.html,prediksi china vs arab saudi 10 september 2024
PIALA DUNIA,https://www.bola.net/piala_dunia/,piala dunia
Prediksi Bahrain vs Jepang 10 September 2024,https://www.bola.net/piala_dunia/prediksi-bahrain-vs-jepang-10-september-2024-5dd4fe.html,prediksi bahrain vs jepang 10 september 2024
LIGA INGGRIS,https://www.bola.net/inggris/,liga inggris
"Kecewa Liverpool Rekrut Kiper Valencia, Caoimhin Kelleher: Saya Ingin Menjadi Nomor Satu!",https://www.bola.net/inggris/kecewa-liverpool-rekrut-kiper-valencia-caoimhin-kelleher-saya-ingin-menjadi-nomor-satu-e9e3a1.html,kecewa liverpool rekrut kiper valencia caoimhin kelleher nomor
LIGA INGGRIS,https://www.bola.net/inggris/,liga inggris
"Erik ten Hag Akui MU Butuh 'Operasi Jantung', Ralf Rangnick: Sepertinya Saya Benar",https://www.bola.net/inggris/erik-ten-hag-akui-mu-butuh-operasi-jantung-ralf-rangnick-sepertinya-saya-benar-95ecba.html,erik ten hag akui mu butuh operasi jantung ralf rangnick
BOLA DUNIA LAINNYA,https://www.bola.net/bola_dunia_lainnya/,bola dunia
Mantap Dek! Putra Lionel Messi Cetak Gol Jarak Jauh dan Bantu Inter Miami Menang 10-1,https://www.bola.net/bola_dunia_lainnya/mantap-dek-putra-lionel-messi-cetak-gol-jarak-jauh-dan-bantu-inter-miami-menang-10-1-ce19f3.html,mantap dek putra lionel messi cetak gol jarak bantu inter miami menang 101
PIALA EROPA,https://www.bola.net/piala_eropa/,piala eropa
"Timnas Jerman Tak Ubah Gaya Main, Julian Nagelsmann Pede Lawan Belanda",https://www.bola.net/piala_eropa/timnas-jerman-tak-ubah-gaya-main-julian-nagelsmann-pede-lawan-belanda-bf7e10.html,timnas jerman ubah gaya main julian nagelsmann pede lawan belanda
LIGA INGGRIS,https://www.bola.net/inggris/,liga inggris
"Virus FIFA Hantam Arsenal: Setelah Riccardo Calafiori, Kini Giliran Martin Odegaard yang Cedera",https://www.bola.net/inggris/virus-fifa-hantam-arsenal-setelah-riccardo-calafiori-kini-giliran-martin-odegaard-yang-cedera-bdf3dd.html,virus fifa hantam arsenal riccardo calafiori giliran martin odegaard cedera
PIALA EROPA,https://www.bola.net/piala_eropa/,piala eropa
"Dibanding Bergwijn, Bos Timnas Belanda Lebih Dukung Memphis Depay Berkarier di Liga Brasil",https://www.bola.net/piala_eropa/dibandingbergwijn-bos-timnas-belanda-lebih-dukung-memphis-depay-berkarierdi-liga-brasil-2943a6.html,dibanding bergwijn bos timnas belanda dukung memphis depay berkarier liga brasil
PIALA EROPA,https://www.bola.net/piala_eropa/,piala eropa
Man of the Match Prancis vs Belgia: Ousmane Dembele,https://www.bola.net/piala_eropa/man-of-the-match-prancis-vs-belgia-ousmane-dembele-1255d0.html,man of the match prancis vs belgia ousmane dembele
PIALA EROPA,https://www.bola.net/piala_eropa/,piala eropa
Man of the Match Israel vs Italia: Davide Frattesi,https://www.bola.net/piala_eropa/man-of-the-match-israel-vs-italia-davide-frattesi-4e7580.html,man of the match israel vs italia davide frattesi
PIALA EROPA,https://www.bola.net/piala_eropa/,piala eropa
Hasil Prancis vs Belgia: Skor 2-0,https://www.bola.net/piala_eropa/hasil-prancis-vs-belgia-skor-2-0-fe162e.html,hasil prancis vs belgia skor 20
PIALA EROPA,https://www.bola.net/piala_eropa/,piala eropa
Hasil Israel vs Italia: Skor 1-2,https://www.bola.net/piala_eropa/hasil-israel-vs-italia-skor-1-2-e9b625.html,hasil israel vs italia skor 12
PIALA EROPA,https://www.bola.net/piala_eropa/,piala eropa
Bos Portugal Spill Alasan Cadangkan Ronaldo Saat Lawan Skotlandia: Harus Dilindungi,https://www.bola.net/piala_eropa/bos-belgia-spill-alasan-cadangkan-ronaldo-saat-lawan-skotlandia-harus-dilindungi-64a512.html,bos portugal spill alasan cadangkan ronaldo lawan skotlandia dilindungi
LIGA INGGRIS,https://www.bola.net/inggris/,liga inggris
Update Kontrak Salah di Liverpool: The Reds Bakal Keluarkan Rayuan Maut,https://www.bola.net/inggris/update-kontrak-salah-di-liverpool-the-reds-bakal-keluarkan-rayuan-maut-c92423.html,update kontrak salah liverpool the reds keluarkan rayuan maut
LIGA ITALIA,https://www.bola.net/italia/,liga italia
"Kabar Buruk Untuk AC Milan, Bennacer Terancam Absen Tiga Bulan",https://www.bola.net/italia/kabar-buruk-untuk-ac-milan-bennacer-terancam-absen-tiga-bulan-e19f08.html,kabar buruk ac milan bennacer terancam absen
LIGA INGGRIS,https://www.bola.net/inggris/,liga inggris
"Bikin Pemandu Bakat Terpukau, Bek Sevilla Ini Bakal Diangkut MU?",https://www.bola.net/inggris/bikin-pemandu-bakat-terpukau-bek-sevilla-ini-bakal-diangkut-mu-14b877.html,bikin pemandu bakat terpukau bek sevilla diangkut mu
PIALA EROPA,https://www.bola.net/piala_eropa/,piala eropa
"Usai Jadi Pahlawan Kemenangan Portugal Lawan Skotlandia, Ini Pesan Ronaldo Untuk Fans Selecao",https://www.bola.net/piala_eropa/usai-jadi-pahlawan-kemenangan-portugal-lawan-skotlandia-ini-pesan-ronaldo-untuk-fans-selecao-a69fb7.html,pahlawan kemenangan portugal lawan skotlandia pesan ronaldo fans selecao
LIGA INGGRIS,https://www.bola.net/inggris/,liga inggris
INEOS Restui Manchester United Angkut Adrien Rabiot?,https://www.bola.net/inggris/ineos-restui-manchester-united-angkut-adrien-rabiot-2b465d.html,ineos restui manchester united angkut adrien rabiot
LIGA INGGRIS,https://www.bola.net/inggris/,liga inggris
Eberechi Eze Bakal Jadi Incaran Utama MU di Tahun 2025,https://www.bola.net/inggris/eberechi-eze-bakal-jadi-incaran-utama-mu-di-tahun-2025-57120b.html,eberechi eze incaran utama mu 2025
LIGA INGGRIS,https://www.bola.net/inggris/,liga inggris
Jebolan Class of 92 Dukung Manuel Ugarte Bersinar di MU,https://www.bola.net/inggris/jebolan-class-of-92-dukung-manuel-ugarte-bersinar-di-mu-913606.html,jebolan class of 92 dukung manuel ugarte bersinar mu
LIGA INGGRIS,https://www.bola.net/inggris/,liga inggris
Matthijs De Ligt: Saya Gabung MU Bukan Hanya Karena Erik Ten Hag!,https://www.bola.net/inggris/matthijs-de-ligt-saya-gabung-mu-bukan-hanya-karena-erik-ten-hag-1a5898.html,matthijs de ligt gabung mu erik ten hag
LIGA INGGRIS,https://www.bola.net/inggris/,liga inggris
LIGA ITALIA,https://www.bola.net/italia/,liga italia
LIGA SPANYOL,https://www.bola.net/spanyol/,liga spanyol
LIGA CHAMPIONS,https://www.bola.net/champions/,liga champions
LIGA EROPA,https://www.bola.net/uefa/,liga eropa
LIGA INGGRIS,https://www.bola.net/inggris/,liga inggris
LIGA ITALIA,https://www.bola.net/italia/,liga italia
LIGA SPANYOL,https://www.bola.net/spanyol/,liga spanyol
LIGA CHAMPIONS,https://www.bola.net/champions/,liga champions
LIGA EROPA,https://www.bola.net/uefa/,liga eropa
"
BERITA FOTO
",https://www.bola.net/galeri/,berita foto
Berita foto Lainnya,https://www.bola.net/galeri/,berita foto
"
Debut Impian Dani Olmo di Barcelona",https://www.bola.net/galeri/debut_impian_dani_olmo_di_laga_rayo_vallecano_vs_barcelona.html,debut impian dani olmo barcelona
"
Juventus Masih Sempurna, Terbaru Sikat..",https://www.bola.net/galeri/hellas_verona_vs_juventus_serie_a_2024-2025.html,juventus sempurna terbaru sikat
"
Pesta Man City di Markas Chelsea, Laga..",https://www.bola.net/galeri/chelsea_vs_manchester_city_premier_league_2024-2025.html,pesta man city markas chelsea laga
"
BOLA INDONESIA
",https://www.bola.net/bola_indonesia.html,bola indonesia
TIM NASIONAL,https://www.bola.net/tim_nasional/,tim nasional
"Media Vietnam Prediksi King Indo Kalah dari Australia, Skor 1-2",https://www.bola.net/tim_nasional/media-vietnam-prediksi-king-indo-kalah-dari-australia-skor-1-2-61ec4e.html,media vietnam prediksi king indo kalah australia skor 12
BOLA INDONESIA,https://www.bola.net/indonesia/,bola indonesia
"Ikuti Jejak Luis Milla, Juan Esnaider jadi Pelatih Pertama yang Dipecat di BRI Liga 1 2024/2025",https://www.bola.net/indonesia/ikuti-jejak-luis-milla-juan-esnaider-jadi-pelatih-pertama-yang-dipecat-di-bri-liga-1-2024-202-8f3aa6.html,ikuti jejak luis milla juan esnaider pelatih dipecat bri liga 1 20242025
TIM NASIONAL,https://www.bola.net/tim_nasional/,tim nasional
"Belanda Lolos ke Euro U-21 2025, Netizen Langsung Melihat Cerahnya Masa Depan Timnas Indonesia",https://www.bola.net/tim_nasional/belanda-lolos-ke-euro-u-21-2025-netizen-langsung-melihat-cerahnya-masa-depan-timnas-indonesia-aacbba.html,belanda lolos euro u21 2025 netizen langsung cerahnya timnas indonesia
TIM NASIONAL,https://www.bola.net/tim_nasional/,tim nasional
"Diprediksi Kalah Lagi, Sekarang Media India Sebut Indonesia Kalah 0-2 dari Australia",https://www.bola.net/tim_nasional/diprediksi-kalah-lagi-sekarang-media-india-sebut-indonesia-kalah-0-2-dari-australia-167958.html,diprediksi kalah media india indonesia kalah 02 australia
TIM NASIONAL,https://www.bola.net/tim_nasional/,tim nasional
Hati-hati Garuda! Australia Ingin Lumat Indonesia dan Kembali ke Jalur Kemenangan,https://www.bola.net/tim_nasional/hati-hati-garuda-australia-ingin-lumat-indonesia-dan-kembali-ke-jalur-kemenangan-80e6fb.html,hatihati garuda australia lumat indonesia jalur kemenangan
TIM NASIONAL,https://www.bola.net/tim_nasional/,tim nasional
Wasit Salman Falahi Pimpin Laga Timnas Indonesia vs Australia: Ingat Memori Buruk di Qatar!,https://www.bola.net/tim_nasional/wasit-salman-falahi-pimpin-laga-timnas-indonesia-vs-australia-ingat-memori-buruk-di-qatar-bdb009.html,wasit salman falahi pimpin laga timnas indonesia vs australia memori buruk qatar
TIM NASIONAL,https://www.bola.net/tim_nasional/,tim nasional
"Dutch Influence, Ancaman Skuad Timnas Indonesia Diwaspadai Kapten Australia",https://www.bola.net/tim_nasional/dutch-influence-ancaman-skuad-timnas-indonesia-diwaspadai-kapten-australia-d6be24.html,dutch influence ancaman skuad timnas indonesia diwaspadai kapten australia
TIM NASIONAL,https://www.bola.net/tim_nasional/,tim nasional
"Prediksi Line Up Timnas Indonesia vs Australia: Hubner Starter, Struick Jadi Striker Tunggal?",https://www.bola.net/tim_nasional/prediksi-line-up-timnas-indonesia-vs-australia-hubner-starter-struick-jadi-striker-tunggal-096d59.html,prediksi line up timnas indonesia vs australia hubner starter struick striker tunggal
TIM NASIONAL,https://www.bola.net/tim_nasional/,tim nasional
"Jadwal Timnas Hari Ini: Indonesia vs Australia, Selasa 10 September 2024",https://www.bola.net/tim_nasional/jadwal-timnas-hari-ini-indonesia-vs-australia-selasa-10-september-2024-3fb5f5.html,jadwal timnas indonesia vs australia selasa 10 september 2024
TIM NASIONAL,https://www.bola.net/tim_nasional/,tim nasional
Perkiraan Line Up Timnas Indonesia vs Australia: Kembalinya Justin Hubner di Jantung Pertahanan,https://www.bola.net/tim_nasional/perkiraan-line-up-timnas-indonesia-vs-australia-kembalinya-justin-hubner-di-jantung-pertahana-fdab5d.html,perkiraan line up timnas indonesia vs australia kembalinya justin hubner jantung pertahanan
Show More ▼,javascript: return false;,show more ▼
TIMNAS,https://www.bola.net/tim_nasional/,timnas
LIGA SUPER INDONESIA,https://www.bola.net/indonesia/,liga super indonesia
TIM NASIONAL,https://www.bola.net/tim_nasional/,tim nasional
Jurnalis Australia Sebut Timnas Indonesia Lawan yang 'Besar',https://www.bola.net/tim_nasional/jurnalis-australia-sebut-timnas-indonesia-lawan-yang-besar-0f8f01.html,jurnalis australia timnas indonesia lawan
TIM NASIONAL,https://www.bola.net/tim_nasional/,tim nasional
Timnas Indonesia Diyakini Bisa Kalahkan Australia: Socceroos Tak Baik-baik Saja,https://www.bola.net/tim_nasional/timnas-indonesia-diyakini-bisa-kalahkan-australia-socceroos-tak-baik-baik-saja-006ff4.html,timnas indonesia diyakini kalahkan australia socceroos baikbaik
TIM NASIONAL,https://www.bola.net/tim_nasional/,tim nasional
Kapten Australia Soal Ancaman Timnas Indonesia: Stadion Bakal Penuh dan Mereka Punya Kualitas!,https://www.bola.net/tim_nasional/kapten-australia-soal-ancaman-timnas-indonesia-stadion-bakal-penuh-dan-mereka-punya-kualitas-fb4a4f.html,kapten australia ancaman timnas indonesia stadion penuh kualitas
TIM NASIONAL,https://www.bola.net/tim_nasional/,tim nasional
Jadwal Siaran Langsung Kualifikasi Piala Dunia 2026 di RCTI: Timnas Indonesia vs Australia,https://www.bola.net/tim_nasional/jadwal-siaran-langsung-kualifikasi-piala-dunia-2026-di-rcti-timnas-indonesia-vs-australia-d674d2.html,jadwal siaran langsung kualifikasi piala dunia 2026 rcti timnas indonesia vs australia
TIM NASIONAL,https://www.bola.net/tim_nasional/,tim nasional
"Followers Instagram Tembus Sejuta, Calvin Verdonk Bikin Postingan Spesial Berbahasa Indonesia",https://www.bola.net/tim_nasional/followers-instagram-tembus-sejuta-calvin-verdonk-bikin-postingan-spesial-berbahasa-indonesia-6a6fb5.html,followers instagram tembus sejuta calvin verdonk bikin postingan spesial berbahasa indonesia
TIM NASIONAL,https://www.bola.net/tim_nasional/,tim nasional
"Mengenal Alessandro Circati, Bek Parma dan Australia yang bakal Hadapi Timnas Indonesia",https://www.bola.net/tim_nasional/mengenal-alessandro-circati-bek-parma-dan-australia-yang-bakal-hadapi-timnas-indonesia-37b320.html,mengenal alessandro circati bek parma australia hadapi timnas indonesia
TIM NASIONAL,https://www.bola.net/tim_nasional/,tim nasional
Prakiraan Cuaca di Jakarta Hari Selasa 10 September 2024: Cocok Buat Nonton Timnas Indonesia vs Australia?,https://www.bola.net/tim_nasional/prakiraan-cuaca-di-jakarta-hari-selasa-10-september-2024-cocok-buat-nonton-timnas-indonesia-v-4312bb.html,prakiraan cuaca jakarta selasa 10 september 2024 cocok nonton timnas indonesia vs australia
TIM NASIONAL,https://www.bola.net/tim_nasional/,tim nasional
"Jadwal Siaran Langsung Timnas Indonesia di RCTI, 6-10 September 2024",https://www.bola.net/tim_nasional/jadwal-siaran-langsung-timnas-indonesia-di-rcti-6-10-september-2024-9fddd1.html,jadwal siaran langsung timnas indonesia rcti 610 september 2024
TIM NASIONAL,https://www.bola.net/tim_nasional/,tim nasional
"Jam Kick Off Timnas Indonesia vs Australia, Tayang Live di TV Mana?",https://www.bola.net/tim_nasional/jam-kick-off-timnas-indonesia-vs-australia-tayang-live-di-tv-mana-f6bb17.html,jam kick off timnas indonesia vs australia tayang live tv
TIM NASIONAL,https://www.bola.net/tim_nasional/,tim nasional
Jadwal Timnas Indonesia vs Australia di RCTI,https://www.bola.net/tim_nasional/jadwal-timnas-indonesia-vs-australia-di-rcti-5eac5b.html,jadwal timnas indonesia vs australia rcti
TIMNAS,https://www.bola.net/tim_nasional/,timnas
LIGA SUPER INDONESIA,https://www.bola.net/indonesia/,liga super indonesia
LIGA PRIMER INDONESIA,https://www.bola.net/liga_primer_indonesia/,liga primer indonesia
"
OLAHRAGA LAIN
",https://www.bola.net/olahraga_lain_lain/,olahraga
OTOMOTIF,https://www.bola.net/otomotif/,otomotif
"MotoGP Bakal Perkenalkan Alat Komunikasi Radio Mulai 2025, Takkan Dipasang Telinga Pembalap",https://www.bola.net/otomotif/motogp-bakal-perkenalkan-alat-komunikasi-radio-mulai-2025-takkan-dipasang-telinga-pembalap-6d1054.html,motogp perkenalkan alat komunikasi radio 2025 takkan dipasang telinga pembalap
OTOMOTIF,https://www.bola.net/otomotif/,otomotif
Respek! Viral Video Pecco Bagnaia Minta Fans Italia Tak Teriaki Marc Marquez di Podium MotoGP San Marino,https://www.bola.net/otomotif/respek-viral-video-pecco-bagnaia-minta-fans-italia-tak-teriaki-marc-marquez-di-podium-motogp--a37f7e.html,respek viral video pecco bagnaia fans italia teriaki marc marquez podium motogp san marino
VOLI,https://www.bola.net/voli/,voli
"Jadwal Lengkap AVC Club Championship 2024 Putra, 8-15 September 2024",https://www.bola.net/voli/jadwal-lengkap-avc-club-championship-2024-putra-8-15-september-2024-e77bf4.html,jadwal lengkap avc club championship 2024 putra 815 september 2024
OLAHRAGA LAIN-LAIN,https://www.bola.net/olahraga_lain_lain/,olahraga lainlain
Para Atlet Berdoa di Masjid Baiturrahman Banda Aceh Sebelum Berlaga di PON Aceh-Sumut 2024,https://www.bola.net/olahraga_lain_lain/para-atlet-berdoa-di-masjid-baiturrahman-banda-aceh-sebelum-berlaga-di-pon-aceh-sumut-2024-25fef2.html,atlet berdoa masjid baiturrahman banda aceh berlaga pon acehsumut 2024
BULU TANGKIS,https://www.bola.net/bulutangkis/,bulu tangkis
Jadwal Lengkap Turnamen Bulu Tangkis BWF 2024,https://www.bola.net/bulutangkis/jadwal-lengkap-turnamen-bulu-tangkis-bwf-2024-fea614.html,jadwal lengkap turnamen bulu tangkis bwf 2024
VOLI,https://www.bola.net/voli/,voli
"Jadwal Lengkap Voli PON Aceh-Sumut 2024, 10-19 September 2024",https://www.bola.net/voli/jadwal-lengkap-voli-pon-aceh-sumut-2024-10-19-september-2024-35cebe.html,jadwal lengkap voli pon acehsumut 2024 1019 september 2024
OTOMOTIF,https://www.bola.net/otomotif/,otomotif
"Tinggal 7 Seri Tersisa, Seberapa Besar Peluang Marc Marquez Jadi Juara Dunia MotoGP 2024?",https://www.bola.net/otomotif/tinggal-7-seri-tersisa-seberapa-besar-peluang-marc-marquez-jadi-juara-dunia-motogp-2024-348614.html,tinggal 7 seri tersisa peluang marc marquez juara dunia motogp 2024
OTOMOTIF,https://www.bola.net/otomotif/,otomotif
"Para Rider MotoGP Soal Drama Jorge Martin di San Marino: Bukan Blunder, Cuma Apes!",https://www.bola.net/otomotif/para-rider-motogp-soal-drama-jorge-martin-di-san-marino-bukan-blunder-cuma-apes-c08e10.html,rider motogp drama jorge martin san marino blunder apes
OTOMOTIF,https://www.bola.net/otomotif/,otomotif
Para Rider MotoGP Tetap Tolak Komunikasi Radio ala Formula 1 Usai Drama Flag-to-Flag di Seri San Marino,https://www.bola.net/otomotif/para-rider-motogp-tetap-tolak-komunikasi-radio-ala-formula-1-usai-drama-flag-to-flag-di-seri--06b713.html,rider motogp tolak komunikasi radio ala formula 1 drama flagtoflag seri san marino
OTOMOTIF,https://www.bola.net/otomotif/,otomotif
Pecco Bagnaia Sebut Marc Marquez Masih Bisa Juarai MotoGP 2024: Dia Rider Paling Berani,https://www.bola.net/otomotif/pecco-bagnaia-sebut-marc-marquez-masih-bisa-juarai-motogp-2024-dia-rider-paling-berani-b4beda.html,pecco bagnaia marc marquez juarai motogp 2024 rider berani
BULUTANGKIS,https://www.bola.net/bulutangkis/,bulutangkis
OTOMOTIF,https://www.bola.net/otomatif/,otomotif
BASKET,https://www.bola.net/basket/,basket
TENIS,https://www.bola.net/tenis/,tenis
VOLI,https://www.bola.net/voli/,voli
OLAHRAGA LAIN,https://www.bola.net/olahraga_lain_lain/,olahraga
MOST VIEWED ARTICLES,https://www.bola.net/trending/,most viewed articles
Jadwal Lengkap Turnamen Bulu Tangkis BWF 2024,https://www.bola.net/bulutangkis/jadwal-lengkap-turnamen-bulu-tangkis-bwf-2024-fea614.html,jadwal lengkap turnamen bulu tangkis bwf 2024
Jadwal Lengkap Premier League 2024/2025 di SCTV dan Vidio,https://www.bola.net/inggris/jadwal-lengkap-premier-league-2024-2025-di-sctv-dan-vidio-c5d3a0.html,jadwal lengkap premier league 20242025 sctv vidio
Jadwal Lengkap Timnas Indonesia di Putaran Ketiga Kualifikasi Piala Dunia 2026 Zona Asia,https://www.bola.net/tim_nasional/jadwal-lengkap-timnas-indonesia-di-putaran-ketiga-kualifikasi-piala-dunia-2026-zona-asia-a24414.html,jadwal lengkap timnas indonesia putaran ketiga kualifikasi piala dunia 2026 zona asia
Jadwal Lengkap BRI Liga 1 2024/2025,https://www.bola.net/indonesia/jadwal-lengkap-bri-liga-1-2024-2025-53b292.html,jadwal lengkap bri liga 1 20242025
Jadwal Siaran Langsung Kualifikasi Piala Dunia 2026 di RCTI: Timnas Indonesia vs Australia,https://www.bola.net/tim_nasional/jadwal-siaran-langsung-kualifikasi-piala-dunia-2026-di-rcti-timnas-indonesia-vs-australia-d674d2.html,jadwal siaran langsung kualifikasi piala dunia 2026 rcti timnas indonesia vs australia
Most Viewed Lainnya   »,https://www.bola.net/trending/,most viewed »
LIGA INGGRIS,https://www.bola.net/klasemen/inggris.html,liga inggris
LIGA ITALIA,https://www.bola.net/klasemen/italia.html,liga italia
LIGA SPANYOL,https://www.bola.net/klasemen/spanyol.html,liga spanyol
Klasemen Lainnya   »,https://www.bola.net/klasemen/inggris.html,klasemen »
Daftar Top Skor   »,https://www.bola.net/topskor/inggris.html,daftar top skor »
,https://www.bola.net/bolatainment/busana-seksi-georgina-rodriguez-saat-pergi-ke-festival-film-venice-panen-hujatan-netizen-a5a0cb.html,
Busana Seksi Georgina Rodriguez Saat Pergi ke Festival Film Venice Panen Hujatan Netizen,https://www.bola.net/bolatainment/busana-seksi-georgina-rodriguez-saat-pergi-ke-festival-film-venice-panen-hujatan-netizen-a5a0cb.html,busana seksi georgina rodriguez pergi festival film venice panen hujatan netizen
Waduh! Selebrasi Juara Spanyol di Euro 2024 jadi Alasan Alvaro Morata Ceraikan Alice Campello?,https://www.bola.net/bolatainment/waduh-selebrasi-juara-spanyol-di-euro-2024-jadi-alasan-alvaro-morata-ceraikan-alice-campello-0d9ef0.html,selebrasi juara spanyol euro 2024 alasan alvaro morata ceraikan alice campello
"Gulfstream G650, Inilah Jet Pribadi Milik Cristiano Ronaldo yang Super Mewah",https://www.bola.net/bolatainment/gulfstream-g650-inilah-jet-pribadi-milik-cristiano-ronaldo-yang-super-mewah-dba333.html,gulfstream g650 jet pribadi milik cristiano ronaldo super mewah
Pesona Para Bidadari WAGs Gres di Premier League 2024/2025: Siapa Paling Aduhai?,https://www.bola.net/bolatainment/pesona-para-bidadari-wags-gres-di-premier-league-2024-2025-siapa-paling-aduhai-91a3ad.html,pesona bidadari wags gres premier league 20242025 aduhai
"Nyentrik! Inilah Jersey Ketiga Liverpool, Chelsea, Tottenham, Inter Milan, hingga Atletico Madrid untuk Musim 2024/2025",https://www.bola.net/bolatainment/nyentrik-inilah-jersey-ketiga-liverpool-chelsea-tottenham-inter-milan-hingga-atletico-madrid--eb6f42.html,nyentrik jersey ketiga liverpool chelsea tottenham inter milan atletico madrid musim 20242025
Kisah Shin Tae-yong jadi Bintang Iklan di Indonesia: Termasuk Tarian Viral Tanpa Skrip,https://www.bola.net/bolatainment/kisah-shin-tae-yong-jadi-bintang-iklan-di-indonesia-termasuk-tarian-viral-tanpa-skrip-87911d.html,kisah shin taeyong bintang iklan indonesia tarian viral skrip
Bolatainment Lainnya   »,https://www.bola.net/bolatainment/,bolatainment »
