Link_Text,Link_URL
BOLA.NET,https://www.bola.net/
BOLA.COM,https://www.bola.com/
MERDEKA,https://www.merdeka.com/
LIPUTAN6,https://www.liputan6.com/
OTOSIA,https://www.otosia.com/
KAPANLAGI,https://www.kapanlagi.com/
FIMELA,https://www.fimela.com/
MORE ,#
DREAM.CO.ID,https://www.dream.co.id/
BRILIO.NET,https://www.brilio.net/
,https://www.bola.net/
,https://www.facebook.com/bola.net
,https://twitter.com/bolanet
,https://www.youtube.com/channel/UCzTu5m37Hxx5O_Ruo29hTIw
,https://www.bola.net/feed/
HOME,https://www.bola.net/
TRENDING,https://www.bola.net/trending/
EROPA ,https://www.bola.net/bola_eropa.html
LIGA INGGRIS,https://www.bola.net/inggris/
LIGA ITALIA,https://www.bola.net/italia/
LIGA SPANYOL,https://www.bola.net/spanyol/
LIGA CHAMPIONS,https://www.bola.net/champions/
LIGA EUROPA,https://www.bola.net/uefa/
BUNDESLIGA,https://www.bola.net/bundesliga/
LAIN-LAIN,https://www.bola.net/liga_eropa_lain/
DUNIA ,https://www.bola.net/bola_dunia.html
PIALA DUNIA,https://www.bola.net/piala_dunia/
PIALA EROPA,https://www.bola.net/piala_eropa/
AMERIKA LATIN,https://www.bola.net/amerika_latin/
ASIA,https://www.bola.net/asia/
LAIN-LAIN,https://www.bola.net/bola_dunia_lainnya/
INDONESIA ,https://www.bola.net/bola_indonesia.html
LIGA INDONESIA,https://www.bola.net/indonesia/
TIM NASIONAL,https://www.bola.net/tim_nasional/
VIDEO,https://www.bola.net/video/
BOLATAINMENT,https://www.bola.net/bolatainment/
JADWAL & SKOR ,https://www.bola.net/jadwal-pertandingan/
SKOR TERKINI,https://www.bola.net/hasil-pertandingan/
JADWAL PERTANDINGAN,https://www.bola.net/jadwal-pertandingan/
JADWAL TV,https://www.bola.net/jadwal_televisi/
KLASEMEN,https://www.bola.net/klasemen/inggris.html
TOPSKOR,https://www.bola.net/topskor/inggris.html
RAGAM ,https://www.bola.net/ragam.html
SPESIAL SOCCER,https://www.bola.net/editorial/
BERITA FOTO,https://www.bola.net/galeri/
WALLPAPER,https://www.bola.net/wallpaper/
SPORT ,https://www.bola.net/olahraga_lain.html
BASKET,https://www.bola.net/basket/
BULU TANGKIS,https://www.bola.net/bulutangkis/
TENIS,https://www.bola.net/tenis/
OTOMOTIF,https://www.bola.net/otomotif/
VOLI,https://www.bola.net/voli/
SPORT,https://www.bola.net/olahraga_lain_lain/
TRENDING TAG,https://www.bola.net/tag/
# Olimpiade Paris 2024,https://www.bola.net/tag/olimpiade-paris-2024/
# Timnas Indonesia,https://www.bola.net/tim_nasional/
# Bursa Transfer Pemain,https://www.bola.net/tag/bursa-transfer-pemain/
# Piala Presiden 2024,https://www.bola.net/tag/piala-presiden-2024/
# La Liga,https://www.bola.net/tag/la-liga/
# Sportyfact,https://www.bola.net/tag/sportyfact/
# Liga Inggris,https://www.bola.net/tag/live-streaming-liga-inggris-di-vidio/
"

Di Mana Mereka Sekarang? 4 Pemain yang Diminta Lio...
",https://www.bola.net/editorial/di-mana-mereka-sekarang-4-pemain-yang-diminta-lionel-messi-untuk-direkrut-barcelona-pada-2017-7b7f83.html
"

6 Pemain Italia yang Memperkuat Liverpool Sebelum ...
",https://www.bola.net/editorial/6-pemain-italia-yang-memperkuat-liverpool-sebelum-federico-chiesa-gagal-total-5690a0.html
"

6 Gelandang Spanyol yang Pernah Membela Arsenal Se...
",https://www.bola.net/editorial/6-gelandang-spanyol-yang-pernah-membela-arsenal-sebelum-mikel-merino-adakah-yang-sukses-b67e25.html
"

5 Klub Terakhir yang Sukses Menjuarai Liga Champio...
",https://www.bola.net/editorial/5-klub-terakhir-yang-sukses-menjuarai-liga-champions-ada-yang-masih-ingat-b7a851.html
"

5 Pengguna Nomor Punggung 14 di Liverpool Sebelum ...
",https://www.bola.net/editorial/5-pengguna-nomor-punggung-14-di-liverpool-sebelum-federico-chiesa-e43a10.html
"

5 Pemain Asal Belanda yang Berkostum Juventus Sebe...
",https://www.bola.net/editorial/5-pemain-asal-belanda-yang-berkostum-juventus-sebelum-teun-koopmeiners-d780ce.html
"

5 Pemain Premier League yang Berpotensi Hengkang d...
",https://www.bola.net/editorial/5-pemain-premier-league-yang-berpotensi-hengkang-di-deadline-day-bf2498.html
"

5 Rekrutan Terakhir AC Milan dari Premier League S...
",https://www.bola.net/editorial/5-rekrutan-terakhir-ac-milan-dari-premier-league-sebelum-emerson-royal-f018f8.html
"
",https://www.bola.net/tim_nasional/4-pertemuan-terakhir-indonesia-vs-australia-kebobolan-8-3x-kalah-dan-1x-imbang-d2796e.html
"
                        4 Pertemuan Terakhir Indonesia vs Australia: Kebobolan 8, 3x Kalah dan 1x Imbang
                    ",https://www.bola.net/tim_nasional/4-pertemuan-terakhir-indonesia-vs-australia-kebobolan-8-3x-kalah-dan-1x-imbang-d2796e.html
"
",https://www.bola.net/tim_nasional/jadwal-indonesia-vs-australia-tayang-di-mana-dan-jam-berapa-7a8ec2.html
"
                        Jadwal Indonesia vs Australia: Tayang di Mana dan Jam Berapa?
                    ",https://www.bola.net/tim_nasional/jadwal-indonesia-vs-australia-tayang-di-mana-dan-jam-berapa-7a8ec2.html
"
",https://www.bola.net/tim_nasional/magis-jersey-putih-timnas-indonesia-vietnam-dipermalukan-selanjutnya-australia-b15369.html
"
                        Magis Jersey Putih Timnas Indonesia: Vietnam Dipermalukan, Selanjutnya Australia?
                    ",https://www.bola.net/tim_nasional/magis-jersey-putih-timnas-indonesia-vietnam-dipermalukan-selanjutnya-australia-b15369.html
"
",https://www.bola.net/piala_eropa/hasil-lengkap-uefa-nations-league-2024-283a6a.html
"
                        Hasil Lengkap UEFA Nations League 2024
                    ",https://www.bola.net/piala_eropa/hasil-lengkap-uefa-nations-league-2024-283a6a.html
"
",https://www.bola.net/tim_nasional/ranking-fifa-timnas-indonesia-bakal-naik-5-tingkat-jika-kalahkan-australia-bagaimana-jika-kal-f1e76c.html
"
                        Ranking FIFA Timnas Indonesia Bakal Naik 5 Tingkat jika Kalahkan Australia, Bagaimana jika Kalah?
                    ",https://www.bola.net/tim_nasional/ranking-fifa-timnas-indonesia-bakal-naik-5-tingkat-jika-kalahkan-australia-bagaimana-jika-kal-f1e76c.html
"

4 Pertemuan Terakhir Indonesia vs Australia: Kebobolan 8, 3x Kalah dan 1x Imbang
",https://www.bola.net/tim_nasional/4-pertemuan-terakhir-indonesia-vs-australia-kebobolan-8-3x-kalah-dan-1x-imbang-d2796e.html
"

Jadwal Indonesia vs Australia: Tayang di Mana dan Jam Berapa?
",https://www.bola.net/tim_nasional/jadwal-indonesia-vs-australia-tayang-di-mana-dan-jam-berapa-7a8ec2.html
"

Magis Jersey Putih Timnas Indonesia: Vietnam Dipermalukan, Selanjutnya Australia?
",https://www.bola.net/tim_nasional/magis-jersey-putih-timnas-indonesia-vietnam-dipermalukan-selanjutnya-australia-b15369.html
"

Hasil Lengkap UEFA Nations League 2024
",https://www.bola.net/piala_eropa/hasil-lengkap-uefa-nations-league-2024-283a6a.html
"

Ranking FIFA Timnas Indonesia Bakal Naik 5 Tingkat jika Kalahkan Australia, Bagaimana jika Kalah?
",https://www.bola.net/tim_nasional/ranking-fifa-timnas-indonesia-bakal-naik-5-tingkat-jika-kalahkan-australia-bagaimana-jika-kal-f1e76c.html
,https://www.bola.net/open-play/
"Shin Tae-yong: Australia Lebih Kuat Sejak Gabung Asia, Di Oseania Lawannya Cuma Selandia Baru",https://www.bola.net/open-play/shin-tae-yong-australia-lebih-kuat-sejak-gabung-asia-di-oseania-lawannya-cuma-selandia-baru-69072f.html
VIDEO: Timnas Australia Tak Sabar Rasakan Atmosfer Bermain di Stadion Gelora Bung Karno,https://www.bola.net/open-play/video-timnas-australia-tak-sabar-rasakan-atmosfer-bermain-di-stadion-gelora-bung-karno-248ed6.html
Pengamanan Sesi Latihan Timnas Indonesia Diperketat Usai Dimas Drajad jadi Korban Pencurian,https://www.bola.net/open-play/pengamanan-sesi-latihan-timnas-indonesia-diperketat-usai-dimas-drajad-jadi-korban-pencurian-e682c7.html
VIDEO: Latihan Terakhir Timnas Indonesia Jelang Lawan Australia,https://www.bola.net/open-play/video-latihan-terakhir-timnas-indonesia-jelang-lawan-australia-e58356.html
Rahasia Kesuksesan Maarten Paes Gagalkan Penalti Pemain Arab Saudi,https://www.bola.net/open-play/rahasia-kesuksesan-maarten-paes-gagalkan-penalti-pemain-arab-saudi-29423a.html
Kabar Timnas Hari Ini: Shin Tae-yong Ungkap Kondisi Terkini Pemain Indonesia Jelang Melawan Australia,https://www.bola.net/open-play/kabar-timnas-hari-ini-shin-tae-yong-ungkap-kondisi-terkini-pemain-indonesia-jelang-melawan-au-6180f7.html
Open Play Lainnya,https://www.bola.net/open-play/
SPECIAL SOCCER,https://www.bola.net/editorial/
"

",https://www.bola.net/editorial/6-pemain-inter-milan-dengan-gaji-tertinggi-pilar-utama-di-giuseppe-meazza-b00b5e.html
6 Pemain Inter Milan dengan Gaji Tertinggi: Pilar Utama di Giuseppe Meazza,https://www.bola.net/editorial/6-pemain-inter-milan-dengan-gaji-tertinggi-pilar-utama-di-giuseppe-meazza-b00b5e.html
"

",https://www.bola.net/editorial/6-pemain-manchester-united-yang-kontraknya-habis-pada-2025-1c191d.html
6 Pemain Manchester United yang Kontraknya Habis pada 2025,https://www.bola.net/editorial/6-pemain-manchester-united-yang-kontraknya-habis-pada-2025-1c191d.html
"

",https://www.bola.net/editorial/5-pemain-dengan-nomor-punggung-7-di-chelsea-sebelum-pedro-neto-2fc214.html
5 Pemain dengan Nomor Punggung 7 di Chelsea Sebelum Pedro Neto,https://www.bola.net/editorial/5-pemain-dengan-nomor-punggung-7-di-chelsea-sebelum-pedro-neto-2fc214.html
"

",https://www.bola.net/editorial/3-mantan-anak-buah-josep-guardiola-yang-mencetak-gol-lebih-banyak-ketimbang-erling-haaland-4d2684.html
3 Mantan Anak Buah Josep Guardiola yang Mencetak Gol Lebih Banyak Ketimbang Erling Haaland,https://www.bola.net/editorial/3-mantan-anak-buah-josep-guardiola-yang-mencetak-gol-lebih-banyak-ketimbang-erling-haaland-4d2684.html
"

",https://www.bola.net/editorial/5-calon-pengganti-virgil-van-dijk-di-liverpool-480b19.html
5 Calon Pengganti Virgil van Dijk di Liverpool,https://www.bola.net/editorial/5-calon-pengganti-virgil-van-dijk-di-liverpool-480b19.html
"

",https://www.bola.net/editorial/cristiano-ronaldo-dan-5-gelar-ballon-dor-perjalanan-menuju-kejayaan-3f0172.html
Cristiano Ronaldo dan 5 Gelar Ballon d'Or: Perjalanan Menuju Kejayaan,https://www.bola.net/editorial/cristiano-ronaldo-dan-5-gelar-ballon-dor-perjalanan-menuju-kejayaan-3f0172.html
Special Soccer Lainnya,https://www.bola.net/editorial/
"
BOLA INTERNASIONAL
",https://www.bola.net/bola_eropa.html
PIALA EROPA,https://www.bola.net/piala_eropa/
Kembalinya Kepercayaan Diri Gli Azzurri,https://www.bola.net/piala_eropa/kembalinya-kepercayaan-diri-gli-azzurri-abe451.html
LIGA INGGRIS,https://www.bola.net/inggris/
"Bukan Gara-gara Pelatih, Raheem Sterling Harus Salahkan Dirinya Sendiri Terkait Kegagalannya di Chelsea",https://www.bola.net/inggris/bukan-gara-gara-pelatih-raheem-sterling-harus-salahkan-dirinya-sendiri-terkait-kegagalannya-d-641ffb.html
LIGA INGGRIS,https://www.bola.net/inggris/
"Tak Bisa Tangani Cristiano Ronaldo, Erik Ten Hag Disebut Bodoh",https://www.bola.net/inggris/tak-bisa-tangani-cristiano-ronaldo-erik-ten-hag-disebut-bodoh-791f45.html
PIALA EROPA,https://www.bola.net/piala_eropa/
Akhir dari Puasa Gol 3 Tahun Moise Kean di Timnas Italia,https://www.bola.net/piala_eropa/akhir-dari-puasa-gol-3-tahun-moise-kean-di-timnas-italia-c1d846.html
PIALA EROPA,https://www.bola.net/piala_eropa/
"Dua Sisi Davide Frattesi: Kalah Bersaing di Inter Milan, tapi Jadi Andalan Timnas Italia",https://www.bola.net/piala_eropa/dua-sisi-davide-frattesi-kalah-bersaing-di-inter-milan-tapi-jadi-andalan-timnas-italia-e347df.html
LIGA EROPA LAIN,https://www.bola.net/liga_eropa_lain/
Terkuak! Ternyata Ini Alasan Fabio Vieira Hengkang dari Arsenal,https://www.bola.net/liga_eropa_lain/terkuak-ternyata-ini-alasan-fabio-vieira-hengkang-dari-arsenal-eb49e4.html
LIGA INGGRIS,https://www.bola.net/inggris/
"Hilal Main Belum Terlihat, Rasmus Hojlund Masih Harus Bersabar",https://www.bola.net/inggris/hilal-main-belum-terlihat-rasmus-hojlundmasih-harus-bersabar-30afe0.html
OPEN PLAY,https://www.bola.net/open-play/
"Shin Tae-yong: Australia Lebih Kuat Sejak Gabung Asia, Di Oseania Lawannya Cuma Selandia Baru",https://www.bola.net/open-play/shin-tae-yong-australia-lebih-kuat-sejak-gabung-asia-di-oseania-lawannya-cuma-selandia-baru-69072f.html
OPEN PLAY,https://www.bola.net/open-play/
VIDEO: Timnas Australia Tak Sabar Rasakan Atmosfer Bermain di Stadion Gelora Bung Karno,https://www.bola.net/open-play/video-timnas-australia-tak-sabar-rasakan-atmosfer-bermain-di-stadion-gelora-bung-karno-248ed6.html
PIALA EROPA,https://www.bola.net/piala_eropa/
"Italia setelah Melempem di Euro 2024: Bungkam Prancis, lalu Gulingkan Israel",https://www.bola.net/piala_eropa/italia-setelah-melempem-di-euro-2024-bungkam-prancis-lalu-gulingkan-israel-8f1cee.html
OPEN PLAY,https://www.bola.net/open-play/
Pengamanan Sesi Latihan Timnas Indonesia Diperketat Usai Dimas Drajad jadi Korban Pencurian,https://www.bola.net/open-play/pengamanan-sesi-latihan-timnas-indonesia-diperketat-usai-dimas-drajad-jadi-korban-pencurian-e682c7.html
OPEN PLAY,https://www.bola.net/open-play/
VIDEO: Latihan Terakhir Timnas Indonesia Jelang Lawan Australia,https://www.bola.net/open-play/video-latihan-terakhir-timnas-indonesia-jelang-lawan-australia-e58356.html
LIGA INGGRIS,https://www.bola.net/inggris/
Jadwal Lengkap Premier League 2024/2025 di SCTV dan Vidio,https://www.bola.net/inggris/jadwal-lengkap-premier-league-2024-2025-di-sctv-dan-vidio-c5d3a0.html
LIGA INGGRIS,https://www.bola.net/inggris/
"MU Bersih-bersih Skuad, Dua Pemain Ini Fix Bakal Angkat Kaki Musim Depan",https://www.bola.net/inggris/mu-bersih-bersih-skuad-dua-pemain-ini-fix-bakal-angkat-kaki-musim-depan-d01ce1.html
PIALA EROPA,https://www.bola.net/piala_eropa/
"Menang Dua Kali Beruntun di UEFA Nations League, Luciano Spalletti Puji Kedewasaan Timnas Italia",https://www.bola.net/piala_eropa/menang-dua-kali-beruntun-di-uefa-nations-league-luciano-spalletti-puji-kedewasaan-timnas-ital-71e244.html
PIALA EROPA,https://www.bola.net/piala_eropa/
Prediksi Inggris vs Finlandia 11 September 2024,https://www.bola.net/piala_eropa/prediksi-inggris-vs-finlandia-11-september-2024-ecffad.html
PIALA EROPA,https://www.bola.net/piala_eropa/
Prediksi Belanda vs Jerman 11 September 2024,https://www.bola.net/piala_eropa/prediksi-belanda-vs-jerman-11-september-2024-b30932.html
PIALA EROPA,https://www.bola.net/piala_eropa/
Prediksi Hungaria vs Bosnia-Herzegovina 11 September 2024,https://www.bola.net/piala_eropa/prediksi-hungaria-vs-bosnia-herzegovina-11-september-2024-f01eb3.html
PIALA DUNIA,https://www.bola.net/piala_dunia/
Prediksi Oman vs Korea Selatan 10 September 2024,https://www.bola.net/piala_dunia/prediksi-oman-vs-korea-selatan-10-september-2024-a79ae3.html
PIALA DUNIA,https://www.bola.net/piala_dunia/
Prediksi China vs Arab Saudi 10 September 2024,https://www.bola.net/piala_dunia/prediksi-china-vs-arab-saudi-10-september-2024-6fca74.html
PIALA DUNIA,https://www.bola.net/piala_dunia/
Prediksi Bahrain vs Jepang 10 September 2024,https://www.bola.net/piala_dunia/prediksi-bahrain-vs-jepang-10-september-2024-5dd4fe.html
LIGA INGGRIS,https://www.bola.net/inggris/
"Kecewa Liverpool Rekrut Kiper Valencia, Caoimhin Kelleher: Saya Ingin Menjadi Nomor Satu!",https://www.bola.net/inggris/kecewa-liverpool-rekrut-kiper-valencia-caoimhin-kelleher-saya-ingin-menjadi-nomor-satu-e9e3a1.html
LIGA INGGRIS,https://www.bola.net/inggris/
"Erik ten Hag Akui MU Butuh 'Operasi Jantung', Ralf Rangnick: Sepertinya Saya Benar",https://www.bola.net/inggris/erik-ten-hag-akui-mu-butuh-operasi-jantung-ralf-rangnick-sepertinya-saya-benar-95ecba.html
BOLA DUNIA LAINNYA,https://www.bola.net/bola_dunia_lainnya/
Mantap Dek! Putra Lionel Messi Cetak Gol Jarak Jauh dan Bantu Inter Miami Menang 10-1,https://www.bola.net/bola_dunia_lainnya/mantap-dek-putra-lionel-messi-cetak-gol-jarak-jauh-dan-bantu-inter-miami-menang-10-1-ce19f3.html
PIALA EROPA,https://www.bola.net/piala_eropa/
"Timnas Jerman Tak Ubah Gaya Main, Julian Nagelsmann Pede Lawan Belanda",https://www.bola.net/piala_eropa/timnas-jerman-tak-ubah-gaya-main-julian-nagelsmann-pede-lawan-belanda-bf7e10.html
LIGA INGGRIS,https://www.bola.net/inggris/
"Virus FIFA Hantam Arsenal: Setelah Riccardo Calafiori, Kini Giliran Martin Odegaard yang Cedera",https://www.bola.net/inggris/virus-fifa-hantam-arsenal-setelah-riccardo-calafiori-kini-giliran-martin-odegaard-yang-cedera-bdf3dd.html
PIALA EROPA,https://www.bola.net/piala_eropa/
"Dibanding Bergwijn, Bos Timnas Belanda Lebih Dukung Memphis Depay Berkarier di Liga Brasil",https://www.bola.net/piala_eropa/dibandingbergwijn-bos-timnas-belanda-lebih-dukung-memphis-depay-berkarierdi-liga-brasil-2943a6.html
PIALA EROPA,https://www.bola.net/piala_eropa/
Man of the Match Prancis vs Belgia: Ousmane Dembele,https://www.bola.net/piala_eropa/man-of-the-match-prancis-vs-belgia-ousmane-dembele-1255d0.html
PIALA EROPA,https://www.bola.net/piala_eropa/
Man of the Match Israel vs Italia: Davide Frattesi,https://www.bola.net/piala_eropa/man-of-the-match-israel-vs-italia-davide-frattesi-4e7580.html
PIALA EROPA,https://www.bola.net/piala_eropa/
Hasil Prancis vs Belgia: Skor 2-0,https://www.bola.net/piala_eropa/hasil-prancis-vs-belgia-skor-2-0-fe162e.html
PIALA EROPA,https://www.bola.net/piala_eropa/
Hasil Israel vs Italia: Skor 1-2,https://www.bola.net/piala_eropa/hasil-israel-vs-italia-skor-1-2-e9b625.html
PIALA EROPA,https://www.bola.net/piala_eropa/
Bos Portugal Spill Alasan Cadangkan Ronaldo Saat Lawan Skotlandia: Harus Dilindungi,https://www.bola.net/piala_eropa/bos-belgia-spill-alasan-cadangkan-ronaldo-saat-lawan-skotlandia-harus-dilindungi-64a512.html
LIGA INGGRIS,https://www.bola.net/inggris/
Update Kontrak Salah di Liverpool: The Reds Bakal Keluarkan Rayuan Maut,https://www.bola.net/inggris/update-kontrak-salah-di-liverpool-the-reds-bakal-keluarkan-rayuan-maut-c92423.html
LIGA ITALIA,https://www.bola.net/italia/
"Kabar Buruk Untuk AC Milan, Bennacer Terancam Absen Tiga Bulan",https://www.bola.net/italia/kabar-buruk-untuk-ac-milan-bennacer-terancam-absen-tiga-bulan-e19f08.html
LIGA INGGRIS,https://www.bola.net/inggris/
"Bikin Pemandu Bakat Terpukau, Bek Sevilla Ini Bakal Diangkut MU?",https://www.bola.net/inggris/bikin-pemandu-bakat-terpukau-bek-sevilla-ini-bakal-diangkut-mu-14b877.html
PIALA EROPA,https://www.bola.net/piala_eropa/
"Usai Jadi Pahlawan Kemenangan Portugal Lawan Skotlandia, Ini Pesan Ronaldo Untuk Fans Selecao",https://www.bola.net/piala_eropa/usai-jadi-pahlawan-kemenangan-portugal-lawan-skotlandia-ini-pesan-ronaldo-untuk-fans-selecao-a69fb7.html
LIGA INGGRIS,https://www.bola.net/inggris/
INEOS Restui Manchester United Angkut Adrien Rabiot?,https://www.bola.net/inggris/ineos-restui-manchester-united-angkut-adrien-rabiot-2b465d.html
LIGA INGGRIS,https://www.bola.net/inggris/
Eberechi Eze Bakal Jadi Incaran Utama MU di Tahun 2025,https://www.bola.net/inggris/eberechi-eze-bakal-jadi-incaran-utama-mu-di-tahun-2025-57120b.html
LIGA INGGRIS,https://www.bola.net/inggris/
Jebolan Class of 92 Dukung Manuel Ugarte Bersinar di MU,https://www.bola.net/inggris/jebolan-class-of-92-dukung-manuel-ugarte-bersinar-di-mu-913606.html
LIGA INGGRIS,https://www.bola.net/inggris/
Matthijs De Ligt: Saya Gabung MU Bukan Hanya Karena Erik Ten Hag!,https://www.bola.net/inggris/matthijs-de-ligt-saya-gabung-mu-bukan-hanya-karena-erik-ten-hag-1a5898.html
LIGA INGGRIS,https://www.bola.net/inggris/
LIGA ITALIA,https://www.bola.net/italia/
LIGA SPANYOL,https://www.bola.net/spanyol/
LIGA CHAMPIONS,https://www.bola.net/champions/
LIGA EROPA,https://www.bola.net/uefa/
LIGA INGGRIS,https://www.bola.net/inggris/
LIGA ITALIA,https://www.bola.net/italia/
LIGA SPANYOL,https://www.bola.net/spanyol/
LIGA CHAMPIONS,https://www.bola.net/champions/
LIGA EROPA,https://www.bola.net/uefa/
"
BERITA FOTO
",https://www.bola.net/galeri/
Berita foto Lainnya,https://www.bola.net/galeri/
"
Debut Impian Dani Olmo di Barcelona",https://www.bola.net/galeri/debut_impian_dani_olmo_di_laga_rayo_vallecano_vs_barcelona.html
"
Juventus Masih Sempurna, Terbaru Sikat..",https://www.bola.net/galeri/hellas_verona_vs_juventus_serie_a_2024-2025.html
"
Pesta Man City di Markas Chelsea, Laga..",https://www.bola.net/galeri/chelsea_vs_manchester_city_premier_league_2024-2025.html
"
BOLA INDONESIA
",https://www.bola.net/bola_indonesia.html
TIM NASIONAL,https://www.bola.net/tim_nasional/
"Media Vietnam Prediksi King Indo Kalah dari Australia, Skor 1-2",https://www.bola.net/tim_nasional/media-vietnam-prediksi-king-indo-kalah-dari-australia-skor-1-2-61ec4e.html
BOLA INDONESIA,https://www.bola.net/indonesia/
"Ikuti Jejak Luis Milla, Juan Esnaider jadi Pelatih Pertama yang Dipecat di BRI Liga 1 2024/2025",https://www.bola.net/indonesia/ikuti-jejak-luis-milla-juan-esnaider-jadi-pelatih-pertama-yang-dipecat-di-bri-liga-1-2024-202-8f3aa6.html
TIM NASIONAL,https://www.bola.net/tim_nasional/
"Belanda Lolos ke Euro U-21 2025, Netizen Langsung Melihat Cerahnya Masa Depan Timnas Indonesia",https://www.bola.net/tim_nasional/belanda-lolos-ke-euro-u-21-2025-netizen-langsung-melihat-cerahnya-masa-depan-timnas-indonesia-aacbba.html
TIM NASIONAL,https://www.bola.net/tim_nasional/
"Diprediksi Kalah Lagi, Sekarang Media India Sebut Indonesia Kalah 0-2 dari Australia",https://www.bola.net/tim_nasional/diprediksi-kalah-lagi-sekarang-media-india-sebut-indonesia-kalah-0-2-dari-australia-167958.html
TIM NASIONAL,https://www.bola.net/tim_nasional/
Hati-hati Garuda! Australia Ingin Lumat Indonesia dan Kembali ke Jalur Kemenangan,https://www.bola.net/tim_nasional/hati-hati-garuda-australia-ingin-lumat-indonesia-dan-kembali-ke-jalur-kemenangan-80e6fb.html
TIM NASIONAL,https://www.bola.net/tim_nasional/
Wasit Salman Falahi Pimpin Laga Timnas Indonesia vs Australia: Ingat Memori Buruk di Qatar!,https://www.bola.net/tim_nasional/wasit-salman-falahi-pimpin-laga-timnas-indonesia-vs-australia-ingat-memori-buruk-di-qatar-bdb009.html
TIM NASIONAL,https://www.bola.net/tim_nasional/
"Dutch Influence, Ancaman Skuad Timnas Indonesia Diwaspadai Kapten Australia",https://www.bola.net/tim_nasional/dutch-influence-ancaman-skuad-timnas-indonesia-diwaspadai-kapten-australia-d6be24.html
TIM NASIONAL,https://www.bola.net/tim_nasional/
"Prediksi Line Up Timnas Indonesia vs Australia: Hubner Starter, Struick Jadi Striker Tunggal?",https://www.bola.net/tim_nasional/prediksi-line-up-timnas-indonesia-vs-australia-hubner-starter-struick-jadi-striker-tunggal-096d59.html
TIM NASIONAL,https://www.bola.net/tim_nasional/
"Jadwal Timnas Hari Ini: Indonesia vs Australia, Selasa 10 September 2024",https://www.bola.net/tim_nasional/jadwal-timnas-hari-ini-indonesia-vs-australia-selasa-10-september-2024-3fb5f5.html
TIM NASIONAL,https://www.bola.net/tim_nasional/
Perkiraan Line Up Timnas Indonesia vs Australia: Kembalinya Justin Hubner di Jantung Pertahanan,https://www.bola.net/tim_nasional/perkiraan-line-up-timnas-indonesia-vs-australia-kembalinya-justin-hubner-di-jantung-pertahana-fdab5d.html
Show More ▼,javascript: return false;
TIMNAS,https://www.bola.net/tim_nasional/
LIGA SUPER INDONESIA,https://www.bola.net/indonesia/
TIM NASIONAL,https://www.bola.net/tim_nasional/
Jurnalis Australia Sebut Timnas Indonesia Lawan yang 'Besar',https://www.bola.net/tim_nasional/jurnalis-australia-sebut-timnas-indonesia-lawan-yang-besar-0f8f01.html
TIM NASIONAL,https://www.bola.net/tim_nasional/
Timnas Indonesia Diyakini Bisa Kalahkan Australia: Socceroos Tak Baik-baik Saja,https://www.bola.net/tim_nasional/timnas-indonesia-diyakini-bisa-kalahkan-australia-socceroos-tak-baik-baik-saja-006ff4.html
TIM NASIONAL,https://www.bola.net/tim_nasional/
Kapten Australia Soal Ancaman Timnas Indonesia: Stadion Bakal Penuh dan Mereka Punya Kualitas!,https://www.bola.net/tim_nasional/kapten-australia-soal-ancaman-timnas-indonesia-stadion-bakal-penuh-dan-mereka-punya-kualitas-fb4a4f.html
TIM NASIONAL,https://www.bola.net/tim_nasional/
Jadwal Siaran Langsung Kualifikasi Piala Dunia 2026 di RCTI: Timnas Indonesia vs Australia,https://www.bola.net/tim_nasional/jadwal-siaran-langsung-kualifikasi-piala-dunia-2026-di-rcti-timnas-indonesia-vs-australia-d674d2.html
TIM NASIONAL,https://www.bola.net/tim_nasional/
"Followers Instagram Tembus Sejuta, Calvin Verdonk Bikin Postingan Spesial Berbahasa Indonesia",https://www.bola.net/tim_nasional/followers-instagram-tembus-sejuta-calvin-verdonk-bikin-postingan-spesial-berbahasa-indonesia-6a6fb5.html
TIM NASIONAL,https://www.bola.net/tim_nasional/
"Mengenal Alessandro Circati, Bek Parma dan Australia yang bakal Hadapi Timnas Indonesia",https://www.bola.net/tim_nasional/mengenal-alessandro-circati-bek-parma-dan-australia-yang-bakal-hadapi-timnas-indonesia-37b320.html
TIM NASIONAL,https://www.bola.net/tim_nasional/
Prakiraan Cuaca di Jakarta Hari Selasa 10 September 2024: Cocok Buat Nonton Timnas Indonesia vs Australia?,https://www.bola.net/tim_nasional/prakiraan-cuaca-di-jakarta-hari-selasa-10-september-2024-cocok-buat-nonton-timnas-indonesia-v-4312bb.html
TIM NASIONAL,https://www.bola.net/tim_nasional/
"Jadwal Siaran Langsung Timnas Indonesia di RCTI, 6-10 September 2024",https://www.bola.net/tim_nasional/jadwal-siaran-langsung-timnas-indonesia-di-rcti-6-10-september-2024-9fddd1.html
TIM NASIONAL,https://www.bola.net/tim_nasional/
"Jam Kick Off Timnas Indonesia vs Australia, Tayang Live di TV Mana?",https://www.bola.net/tim_nasional/jam-kick-off-timnas-indonesia-vs-australia-tayang-live-di-tv-mana-f6bb17.html
TIM NASIONAL,https://www.bola.net/tim_nasional/
Jadwal Timnas Indonesia vs Australia di RCTI,https://www.bola.net/tim_nasional/jadwal-timnas-indonesia-vs-australia-di-rcti-5eac5b.html
TIMNAS,https://www.bola.net/tim_nasional/
LIGA SUPER INDONESIA,https://www.bola.net/indonesia/
LIGA PRIMER INDONESIA,https://www.bola.net/liga_primer_indonesia/
"
OLAHRAGA LAIN
",https://www.bola.net/olahraga_lain_lain/
OTOMOTIF,https://www.bola.net/otomotif/
"MotoGP Bakal Perkenalkan Alat Komunikasi Radio Mulai 2025, Takkan Dipasang Telinga Pembalap",https://www.bola.net/otomotif/motogp-bakal-perkenalkan-alat-komunikasi-radio-mulai-2025-takkan-dipasang-telinga-pembalap-6d1054.html
OTOMOTIF,https://www.bola.net/otomotif/
Respek! Viral Video Pecco Bagnaia Minta Fans Italia Tak Teriaki Marc Marquez di Podium MotoGP San Marino,https://www.bola.net/otomotif/respek-viral-video-pecco-bagnaia-minta-fans-italia-tak-teriaki-marc-marquez-di-podium-motogp--a37f7e.html
VOLI,https://www.bola.net/voli/
"Jadwal Lengkap AVC Club Championship 2024 Putra, 8-15 September 2024",https://www.bola.net/voli/jadwal-lengkap-avc-club-championship-2024-putra-8-15-september-2024-e77bf4.html
OLAHRAGA LAIN-LAIN,https://www.bola.net/olahraga_lain_lain/
Para Atlet Berdoa di Masjid Baiturrahman Banda Aceh Sebelum Berlaga di PON Aceh-Sumut 2024,https://www.bola.net/olahraga_lain_lain/para-atlet-berdoa-di-masjid-baiturrahman-banda-aceh-sebelum-berlaga-di-pon-aceh-sumut-2024-25fef2.html
BULU TANGKIS,https://www.bola.net/bulutangkis/
Jadwal Lengkap Turnamen Bulu Tangkis BWF 2024,https://www.bola.net/bulutangkis/jadwal-lengkap-turnamen-bulu-tangkis-bwf-2024-fea614.html
VOLI,https://www.bola.net/voli/
"Jadwal Lengkap Voli PON Aceh-Sumut 2024, 10-19 September 2024",https://www.bola.net/voli/jadwal-lengkap-voli-pon-aceh-sumut-2024-10-19-september-2024-35cebe.html
OTOMOTIF,https://www.bola.net/otomotif/
"Tinggal 7 Seri Tersisa, Seberapa Besar Peluang Marc Marquez Jadi Juara Dunia MotoGP 2024?",https://www.bola.net/otomotif/tinggal-7-seri-tersisa-seberapa-besar-peluang-marc-marquez-jadi-juara-dunia-motogp-2024-348614.html
OTOMOTIF,https://www.bola.net/otomotif/
"Para Rider MotoGP Soal Drama Jorge Martin di San Marino: Bukan Blunder, Cuma Apes!",https://www.bola.net/otomotif/para-rider-motogp-soal-drama-jorge-martin-di-san-marino-bukan-blunder-cuma-apes-c08e10.html
OTOMOTIF,https://www.bola.net/otomotif/
Para Rider MotoGP Tetap Tolak Komunikasi Radio ala Formula 1 Usai Drama Flag-to-Flag di Seri San Marino,https://www.bola.net/otomotif/para-rider-motogp-tetap-tolak-komunikasi-radio-ala-formula-1-usai-drama-flag-to-flag-di-seri--06b713.html
OTOMOTIF,https://www.bola.net/otomotif/
Pecco Bagnaia Sebut Marc Marquez Masih Bisa Juarai MotoGP 2024: Dia Rider Paling Berani,https://www.bola.net/otomotif/pecco-bagnaia-sebut-marc-marquez-masih-bisa-juarai-motogp-2024-dia-rider-paling-berani-b4beda.html
BULUTANGKIS,https://www.bola.net/bulutangkis/
OTOMOTIF,https://www.bola.net/otomatif/
BASKET,https://www.bola.net/basket/
TENIS,https://www.bola.net/tenis/
VOLI,https://www.bola.net/voli/
OLAHRAGA LAIN,https://www.bola.net/olahraga_lain_lain/
MOST VIEWED ARTICLES,https://www.bola.net/trending/
Jadwal Lengkap Turnamen Bulu Tangkis BWF 2024,https://www.bola.net/bulutangkis/jadwal-lengkap-turnamen-bulu-tangkis-bwf-2024-fea614.html
Jadwal Lengkap Premier League 2024/2025 di SCTV dan Vidio,https://www.bola.net/inggris/jadwal-lengkap-premier-league-2024-2025-di-sctv-dan-vidio-c5d3a0.html
Jadwal Lengkap Timnas Indonesia di Putaran Ketiga Kualifikasi Piala Dunia 2026 Zona Asia,https://www.bola.net/tim_nasional/jadwal-lengkap-timnas-indonesia-di-putaran-ketiga-kualifikasi-piala-dunia-2026-zona-asia-a24414.html
Jadwal Lengkap BRI Liga 1 2024/2025,https://www.bola.net/indonesia/jadwal-lengkap-bri-liga-1-2024-2025-53b292.html
Jadwal Siaran Langsung Kualifikasi Piala Dunia 2026 di RCTI: Timnas Indonesia vs Australia,https://www.bola.net/tim_nasional/jadwal-siaran-langsung-kualifikasi-piala-dunia-2026-di-rcti-timnas-indonesia-vs-australia-d674d2.html
Most Viewed Lainnya   »,https://www.bola.net/trending/
LIGA INGGRIS,https://www.bola.net/klasemen/inggris.html
LIGA ITALIA,https://www.bola.net/klasemen/italia.html
LIGA SPANYOL,https://www.bola.net/klasemen/spanyol.html
Klasemen Lainnya   »,https://www.bola.net/klasemen/inggris.html
Daftar Top Skor   »,https://www.bola.net/topskor/inggris.html
,https://www.bola.net/bolatainment/busana-seksi-georgina-rodriguez-saat-pergi-ke-festival-film-venice-panen-hujatan-netizen-a5a0cb.html
Busana Seksi Georgina Rodriguez Saat Pergi ke Festival Film Venice Panen Hujatan Netizen,https://www.bola.net/bolatainment/busana-seksi-georgina-rodriguez-saat-pergi-ke-festival-film-venice-panen-hujatan-netizen-a5a0cb.html
Waduh! Selebrasi Juara Spanyol di Euro 2024 jadi Alasan Alvaro Morata Ceraikan Alice Campello?,https://www.bola.net/bolatainment/waduh-selebrasi-juara-spanyol-di-euro-2024-jadi-alasan-alvaro-morata-ceraikan-alice-campello-0d9ef0.html
"Gulfstream G650, Inilah Jet Pribadi Milik Cristiano Ronaldo yang Super Mewah",https://www.bola.net/bolatainment/gulfstream-g650-inilah-jet-pribadi-milik-cristiano-ronaldo-yang-super-mewah-dba333.html
Pesona Para Bidadari WAGs Gres di Premier League 2024/2025: Siapa Paling Aduhai?,https://www.bola.net/bolatainment/pesona-para-bidadari-wags-gres-di-premier-league-2024-2025-siapa-paling-aduhai-91a3ad.html
"Nyentrik! Inilah Jersey Ketiga Liverpool, Chelsea, Tottenham, Inter Milan, hingga Atletico Madrid untuk Musim 2024/2025",https://www.bola.net/bolatainment/nyentrik-inilah-jersey-ketiga-liverpool-chelsea-tottenham-inter-milan-hingga-atletico-madrid--eb6f42.html
Kisah Shin Tae-yong jadi Bintang Iklan di Indonesia: Termasuk Tarian Viral Tanpa Skrip,https://www.bola.net/bolatainment/kisah-shin-tae-yong-jadi-bintang-iklan-di-indonesia-termasuk-tarian-viral-tanpa-skrip-87911d.html
Bolatainment Lainnya   »,https://www.bola.net/bolatainment/
